BeA,2024,9,2,3,ef,I2a,P1,0,,502,1005,45,EF
BeA,2024,9,2,4,ef,I2a,P1,0,,502,1050,45,EF
BeA,2024,9,6,6,ef,I2a,P1,0,,501,1220,45,EF
BeA,2024,9,6,7,ef,I2a,P1,0,,501,1305,45,EF
BeA,2024,9,30,3,ef,I2a,P1,0,,502,1005,45,EF
BeA,2024,9,30,4,ef,I2a,P1,0,,502,1050,45,EF
BeA,2024,10,4,6,ef,I2a,P1,0,,501,1220,45,EF
BeA,2024,10,4,7,ef,I2a,P1,0,,501,1305,45,EF
BeA,2024,11,4,3,ef,I2a,P1,0,,502,1005,45,EF
BeA,2024,11,4,4,ef,I2a,P1,0,,502,1050,45,EF
BeA,2024,11,8,6,ef,I2a,P1,0,,501,1220,45,EF
BeA,2024,11,8,7,ef,I2a,P1,0,,501,1305,45,EF
BeA,2024,12,2,3,ef,I2a,P1,0,,502,1005,45,EF
BeA,2024,12,2,4,ef,I2a,P1,0,,502,1050,45,EF
BeA,2024,12,6,6,ef,I2a,P1,0,,501,1220,45,EF
BeA,2024,12,6,7,ef,I2a,P1,0,,501,1305,45,EF
BeA,2025,1,13,3,ef,I2a,P1,0,,502,1005,45,EF
BeA,2025,1,13,4,ef,I2a,P1,0,,502,1050,45,EF
BeA,2025,1,17,6,ef,I2a,P1,0,,501,1220,45,EF
BeA,2025,1,17,7,ef,I2a,P1,0,,501,1305,45,EF
BeA,2025,2,10,3,ef,I2a,P1,0,,502,1005,45,EF
BeA,2025,2,10,4,ef,I2a,P1,0,,502,1050,45,EF
BeA,2025,2,14,6,ef,I2a,P1,0,,501,1220,45,EF
BeA,2025,2,14,7,ef,I2a,P1,0,,501,1305,45,EF
BeA,2025,3,17,3,ef,I2a,P1,0,,502,1005,45,EF
BeA,2025,3,17,4,ef,I2a,P1,0,,502,1050,45,EF
BeA,2025,3,21,6,ef,I2a,P1,0,,501,1220,45,EF
BeA,2025,3,21,7,ef,I2a,P1,0,,501,1305,45,EF
BeA,2025,4,14,3,ef,I2a,P1,0,,502,1005,45,EF
BeA,2025,4,14,4,ef,I2a,P1,0,,502,1050,45,EF
BeA,2025,5,19,3,ef,I2a,P1,0,,502,1005,45,EF
BeA,2025,5,19,4,ef,I2a,P1,0,,502,1050,45,EF
BeA,2025,5,23,6,ef,I2a,P1,0,,501,1220,45,EF
BeA,2025,5,23,7,ef,I2a,P1,0,,501,1305,45,EF
Deb,2024,9,3,1,m165,I2a,203,0,,1,820,45,CP
Deb,2024,9,3,2,m165,I2a,203,0,,1,905,45,CP
Deb,2024,9,3,3,m165,I2a,203,0,,1,1005,45,CP
Deb,2024,9,5,1,m165,I2a,203,0,,1,820,45,CP
Deb,2024,10,1,1,m165,I2a,203,0,,1,820,45,CP
Deb,2024,10,1,2,m165,I2a,203,0,,1,905,45,CP
Deb,2024,10,1,3,m165,I2a,203,0,,1,1005,45,CP
Deb,2024,10,3,1,m165,I2a,203,0,,1,820,45,CP
Deb,2024,11,5,1,m165,I2a,203,0,,1,820,45,CP
Deb,2024,11,5,2,m165,I2a,203,0,,1,905,45,CP
Deb,2024,11,5,3,m165,I2a,203,0,,1,1005,45,CP
Deb,2024,11,7,1,m165,I2a,203,0,,1,820,45,CP
Deb,2024,12,3,1,m165,I2a,203,0,,1,820,45,CP
Deb,2024,12,3,2,m165,I2a,203,0,,1,905,45,CP
Deb,2024,12,3,3,m165,I2a,203,0,,1,1005,45,CP
Deb,2024,12,5,1,m165,I2a,203,0,,1,820,45,CP
Deb,2025,1,14,1,m165,I2a,203,0,,1,820,45,CP
Deb,2025,1,14,2,m165,I2a,203,0,,1,905,45,CP
Deb,2025,1,14,3,m165,I2a,203,0,,1,1005,45,CP
Deb,2025,1,16,1,m165,I2a,203,0,,1,820,45,CP
Deb,2025,2,11,1,m165,I2a,203,0,,1,820,45,CP
Deb,2025,2,11,2,m165,I2a,203,0,,1,905,45,CP
Deb,2025,2,11,3,m165,I2a,203,0,,1,1005,45,CP
Deb,2025,2,13,1,m165,I2a,203,0,,1,820,45,CP
Deb,2025,3,18,1,m165,I2a,203,0,,1,820,45,CP
Deb,2025,3,18,2,m165,I2a,203,0,,1,905,45,CP
Deb,2025,3,18,3,m165,I2a,203,0,,1,1005,45,CP
Deb,2025,3,20,1,m165,I2a,203,0,,1,820,45,CP
Deb,2025,4,15,1,m165,I2a,203,0,,1,820,45,CP
Deb,2025,4,15,2,m165,I2a,203,0,,1,905,45,CP
Deb,2025,4,15,3,m165,I2a,203,0,,1,1005,45,CP
Deb,2025,4,17,1,m165,I2a,203,0,,1,820,45,CP
Deb,2025,5,20,1,m165,I2a,203,0,,1,820,45,CP
Deb,2025,5,20,2,m165,I2a,203,0,,1,905,45,CP
Deb,2025,5,20,3,m165,I2a,203,0,,1,1005,45,CP
Deb,2025,5,22,1,m165,I2a,203,0,,1,820,45,CP
Gia,2024,9,11,9,ef,MI2,P1,0,,935,1445,45,EF
Gia,2024,9,11,10,ef,MI2,P1,0,,935,1530,45,EF
Gia,2024,10,9,9,ef,MI2,P1,0,,935,1445,45,EF
Gia,2024,10,9,10,ef,MI2,P1,0,,935,1530,45,EF
Gia,2024,11,13,9,ef,MI2,P1,0,,935,1445,45,EF
Gia,2024,11,13,10,ef,MI2,P1,0,,935,1530,45,EF
Gia,2024,12,11,9,ef,MI2,P1,0,,935,1445,45,EF
Gia,2024,12,11,10,ef,MI2,P1,0,,935,1530,45,EF
Gia,2025,1,22,9,ef,MI2,P1,0,,935,1445,45,EF
Gia,2025,1,22,10,ef,MI2,P1,0,,935,1530,45,EF
Gia,2025,2,19,9,ef,MI2,P1,0,,935,1445,45,EF
Gia,2025,2,19,10,ef,MI2,P1,0,,935,1530,45,EF
Gia,2025,3,26,9,ef,MI2,P1,0,,935,1445,45,EF
Gia,2025,3,26,10,ef,MI2,P1,0,,935,1530,45,EF
Gia,2025,4,30,9,ef,MI2,P1,0,,935,1445,45,EF
Gia,2025,4,30,10,ef,MI2,P1,0,,935,1530,45,EF
GeG,2024,9,4,6,m426,I2a,203,0,,639,1220,45,CP
GeG,2024,9,4,7,m293,I2a,203,0,,1136,1305,45,CP
GeG,2024,9,4,8,m293,I2a,203,0,,1136,1350,45,CP
GeG,2024,9,5,2,m426,I2a,203,0,,639,905,45,CP
GeG,2024,9,5,3,m426,I2a,203,0,,639,1005,45,CP
GeG,2024,9,5,4,m426,I2a,203,0,,639,1050,45,CP
GeG,2024,9,5,5,m426,I2a,203,0,,639,1135,45,CP
GeG,2024,9,6,8,m293,I2a,203,0,,1136,1350,45,CP
GeG,2024,9,6,9,m293,I2a,203,0,,1136,1445,45,CP
GeG,2024,9,6,10,m293,I2a,203,0,,1136,1530,45,CP
GeG,2024,10,2,6,m426,I2a,203,0,,639,1220,45,CP
GeG,2024,10,2,7,m293,I2a,203,0,,1136,1305,45,CP
GeG,2024,10,2,8,m293,I2a,203,0,,1136,1350,45,CP
GeG,2024,10,3,2,m426,I2a,203,0,,639,905,45,CP
GeG,2024,10,3,3,m426,I2a,203,0,,639,1005,45,CP
GeG,2024,10,3,4,m426,I2a,203,0,,639,1050,45,CP
GeG,2024,10,3,5,m426,I2a,203,0,,639,1135,45,CP
GeG,2024,10,4,8,m293,I2a,203,0,,1136,1350,45,CP
GeG,2024,10,4,9,m293,I2a,203,0,,1136,1445,45,CP
GeG,2024,10,4,10,m293,I2a,203,0,,1136,1530,45,CP
GeG,2024,11,6,6,m426,I2a,203,0,,639,1220,45,CP
GeG,2024,11,6,7,m293,I2a,203,0,,1136,1305,45,CP
GeG,2024,11,6,8,m293,I2a,203,0,,1136,1350,45,CP
GeG,2024,11,7,2,m426,I2a,203,0,,639,905,45,CP
GeG,2024,11,7,3,m426,I2a,203,0,,639,1005,45,CP
GeG,2024,11,7,4,m426,I2a,203,0,,639,1050,45,CP
GeG,2024,11,7,5,m426,I2a,203,0,,639,1135,45,CP
GeG,2024,11,8,8,m293,I2a,203,0,,1136,1350,45,CP
GeG,2024,11,8,9,m293,I2a,203,0,,1136,1445,45,CP
GeG,2024,11,8,10,m293,I2a,203,0,,1136,1530,45,CP
GeG,2024,12,4,6,m426,I2a,203,0,,639,1220,45,CP
GeG,2024,12,4,7,m293,I2a,203,0,,1136,1305,45,CP
GeG,2024,12,4,8,m293,I2a,203,0,,1136,1350,45,CP
GeG,2024,12,5,2,m426,I2a,203,0,,639,905,45,CP
GeG,2024,12,5,3,m426,I2a,203,0,,639,1005,45,CP
GeG,2024,12,5,4,m426,I2a,203,0,,639,1050,45,CP
GeG,2024,12,5,5,m426,I2a,203,0,,639,1135,45,CP
GeG,2024,12,6,8,m293,I2a,203,0,,1136,1350,45,CP
GeG,2024,12,6,9,m293,I2a,203,0,,1136,1445,45,CP
GeG,2024,12,6,10,m293,I2a,203,0,,1136,1530,45,CP
GeG,2025,1,15,6,m426,I2a,203,0,,639,1220,45,CP
GeG,2025,1,15,7,m293,I2a,203,0,,1136,1305,45,CP
GeG,2025,1,15,8,m293,I2a,203,0,,1136,1350,45,CP
GeG,2025,1,16,2,m426,I2a,203,0,,639,905,45,CP
GeG,2025,1,16,3,m426,I2a,203,0,,639,1005,45,CP
GeG,2025,1,16,4,m426,I2a,203,0,,639,1050,45,CP
GeG,2025,1,16,5,m426,I2a,203,0,,639,1135,45,CP
GeG,2025,1,17,8,m293,I2a,203,0,,1136,1350,45,CP
GeG,2025,1,17,9,m293,I2a,203,0,,1136,1445,45,CP
GeG,2025,1,17,10,m293,I2a,203,0,,1136,1530,45,CP
GeG,2025,2,12,6,m426,I2a,203,0,,639,1220,45,CP
GeG,2025,2,12,7,m293,I2a,203,0,,1136,1305,45,CP
GeG,2025,2,12,8,m293,I2a,203,0,,1136,1350,45,CP
GeG,2025,2,13,2,m426,I2a,203,0,,639,905,45,CP
GeG,2025,2,13,3,m426,I2a,203,0,,639,1005,45,CP
GeG,2025,2,13,4,m426,I2a,203,0,,639,1050,45,CP
GeG,2025,2,13,5,m426,I2a,203,0,,639,1135,45,CP
GeG,2025,2,14,8,m293,I2a,203,0,,1136,1350,45,CP
GeG,2025,2,14,9,m293,I2a,203,0,,1136,1445,45,CP
GeG,2025,2,14,10,m293,I2a,203,0,,1136,1530,45,CP
GeG,2025,3,20,2,m426,I2a,203,0,,639,905,45,CP
GeG,2025,3,20,3,m426,I2a,203,0,,639,1005,45,CP
GeG,2025,3,20,4,m426,I2a,203,0,,639,1050,45,CP
GeG,2025,3,20,5,m426,I2a,203,0,,639,1135,45,CP
GeG,2025,3,21,8,m293,I2a,203,0,,1136,1350,45,CP
GeG,2025,3,21,9,m293,I2a,203,0,,1136,1445,45,CP
GeG,2025,3,21,10,m293,I2a,203,0,,1136,1530,45,CP
GeG,2025,4,16,6,m426,I2a,203,0,,639,1220,45,CP
GeG,2025,4,16,7,m293,I2a,203,0,,1136,1305,45,CP
GeG,2025,4,16,8,m293,I2a,203,0,,1136,1350,45,CP
GeG,2025,4,17,2,m426,I2a,203,0,,639,905,45,CP
GeG,2025,4,17,3,m426,I2a,203,0,,639,1005,45,CP
GeG,2025,4,17,4,m426,I2a,203,0,,639,1050,45,CP
GeG,2025,4,17,5,m426,I2a,203,0,,639,1135,45,CP
GeG,2025,5,21,6,m426,I2a,203,0,,639,1220,45,CP
GeG,2025,5,21,7,m293,I2a,203,0,,1136,1305,45,CP
GeG,2025,5,21,8,m293,I2a,203,0,,1136,1350,45,CP
GeG,2025,5,22,2,m426,I2a,203,0,,639,905,45,CP
GeG,2025,5,22,3,m426,I2a,203,0,,639,1005,45,CP
GeG,2025,5,22,4,m426,I2a,203,0,,639,1050,45,CP
GeG,2025,5,22,5,m426,I2a,203,0,,639,1135,45,CP
GeG,2025,5,23,8,m293,I2a,203,0,,1136,1350,45,CP
GeG,2025,5,23,9,m293,I2a,203,0,,1136,1445,45,CP
GeG,2025,5,23,10,m293,I2a,203,0,,1136,1530,45,CP
Gui,2024,9,3,4,mat2,MI2,112,0,,7,1050,45,M
Gui,2024,9,3,5,mat2,MI2,112,0,,7,1135,45,M
Gui,2024,9,4,3,mat2,MI2,112,0,,7,1005,45,M
Gui,2024,9,4,4,mat2,MI2,112,0,,7,1050,45,M
Gui,2024,9,9,6,mat2,MI2,112,0,,12,1220,45,M
Gui,2024,9,9,7,mat2,MI2,112,0,,12,1305,45,M
Gui,2024,9,9,8,mat2,MI2,112,0,,12,1350,45,M
Gui,2024,9,10,8,mat2,MI2,112,0,,12,1350,45,M
Gui,2024,9,10,9,mat2,MI2,112,0,,12,1445,45,M
Gui,2024,9,10,10,mat2,MI2,112,0,,12,1530,45,M
Gui,2024,9,11,7,mat2,MI2,112,0,,1460,1305,45,M
Gui,2024,9,11,8,mat2,MI2,112,0,,1460,1350,45,M
Gui,2024,9,13,6,mat2,MI2,112,0,,12,1220,45,M
Gui,2024,9,13,7,mat2,MI2,112,0,,12,1305,45,M
Gui,2024,10,1,4,mat2,MI2,112,0,,7,1050,45,M
Gui,2024,10,1,5,mat2,MI2,112,0,,7,1135,45,M
Gui,2024,10,2,3,mat2,MI2,112,0,,7,1005,45,M
Gui,2024,10,2,4,mat2,MI2,112,0,,7,1050,45,M
Gui,2024,10,7,6,mat2,MI2,112,0,,12,1220,45,M
Gui,2024,10,7,7,mat2,MI2,112,0,,12,1305,45,M
Gui,2024,10,7,8,mat2,MI2,112,0,,12,1350,45,M
Gui,2024,10,8,8,mat2,MI2,112,0,,12,1350,45,M
Gui,2024,10,8,9,mat2,MI2,112,0,,12,1445,45,M
Gui,2024,10,8,10,mat2,MI2,112,0,,12,1530,45,M
Gui,2024,10,9,7,mat2,MI2,112,0,,1460,1305,45,M
Gui,2024,10,9,8,mat2,MI2,112,0,,1460,1350,45,M
Gui,2024,10,11,6,mat2,MI2,112,0,,12,1220,45,M
Gui,2024,10,11,7,mat2,MI2,112,0,,12,1305,45,M
Gui,2024,11,5,4,mat2,MI2,112,0,,7,1050,45,M
Gui,2024,11,5,5,mat2,MI2,112,0,,7,1135,45,M
Gui,2024,11,6,3,mat2,MI2,112,0,,7,1005,45,M
Gui,2024,11,6,4,mat2,MI2,112,0,,7,1050,45,M
Gui,2024,11,11,6,mat2,MI2,112,0,,12,1220,45,M
Gui,2024,11,11,7,mat2,MI2,112,0,,12,1305,45,M
Gui,2024,11,11,8,mat2,MI2,112,0,,12,1350,45,M
Gui,2024,11,12,8,mat2,MI2,112,0,,12,1350,45,M
Gui,2024,11,12,9,mat2,MI2,112,0,,12,1445,45,M
Gui,2024,11,12,10,mat2,MI2,112,0,,12,1530,45,M
Gui,2024,11,13,7,mat2,MI2,112,0,,1460,1305,45,M
Gui,2024,11,13,8,mat2,MI2,112,0,,1460,1350,45,M
Gui,2024,11,15,6,mat2,MI2,112,0,,12,1220,45,M
Gui,2024,11,15,7,mat2,MI2,112,0,,12,1305,45,M
Gui,2024,12,3,4,mat2,MI2,112,0,,7,1050,45,M
Gui,2024,12,3,5,mat2,MI2,112,0,,7,1135,45,M
Gui,2024,12,4,3,mat2,MI2,112,0,,7,1005,45,M
Gui,2024,12,4,4,mat2,MI2,112,0,,7,1050,45,M
Gui,2024,12,9,6,mat2,MI2,112,0,,12,1220,45,M
Gui,2024,12,9,7,mat2,MI2,112,0,,12,1305,45,M
Gui,2024,12,9,8,mat2,MI2,112,0,,12,1350,45,M
Gui,2024,12,10,8,mat2,MI2,112,0,,12,1350,45,M
Gui,2024,12,10,9,mat2,MI2,112,0,,12,1445,45,M
Gui,2024,12,10,10,mat2,MI2,112,0,,12,1530,45,M
Gui,2024,12,11,7,mat2,MI2,112,0,,1460,1305,45,M
Gui,2024,12,11,8,mat2,MI2,112,0,,1460,1350,45,M
Gui,2024,12,13,6,mat2,MI2,112,0,,12,1220,45,M
Gui,2024,12,13,7,mat2,MI2,112,0,,12,1305,45,M
Gui,2025,1,14,4,mat2,MI2,112,0,,7,1050,45,M
Gui,2025,1,14,5,mat2,MI2,112,0,,7,1135,45,M
Gui,2025,1,15,3,mat2,MI2,112,0,,7,1005,45,M
Gui,2025,1,15,4,mat2,MI2,112,0,,7,1050,45,M
Gui,2025,1,20,6,mat2,MI2,112,0,,12,1220,45,M
Gui,2025,1,20,7,mat2,MI2,112,0,,12,1305,45,M
Gui,2025,1,20,8,mat2,MI2,112,0,,12,1350,45,M
Gui,2025,1,21,8,mat2,MI2,112,0,,12,1350,45,M
Gui,2025,1,21,9,mat2,MI2,112,0,,12,1445,45,M
Gui,2025,1,21,10,mat2,MI2,112,0,,12,1530,45,M
Gui,2025,1,23,7,mat2,MI2,111,0,,1461,1305,45,M
Gui,2025,1,23,8,mat2,MI2,111,0,,1461,1350,45,M
Gui,2025,1,24,6,mat2,MI2,112,0,,12,1220,45,M
Gui,2025,1,24,7,mat2,MI2,112,0,,12,1305,45,M
Gui,2025,2,11,4,mat2,MI2,112,0,,7,1050,45,M
Gui,2025,2,11,5,mat2,MI2,112,0,,7,1135,45,M
Gui,2025,2,12,3,mat2,MI2,112,0,,7,1005,45,M
Gui,2025,2,12,4,mat2,MI2,112,0,,7,1050,45,M
Gui,2025,2,17,6,mat2,MI2,112,0,,12,1220,45,M
Gui,2025,2,17,7,mat2,MI2,112,0,,12,1305,45,M
Gui,2025,2,17,8,mat2,MI2,112,0,,12,1350,45,M
Gui,2025,2,18,8,mat2,MI2,112,0,,12,1350,45,M
Gui,2025,2,18,9,mat2,MI2,112,0,,12,1445,45,M
Gui,2025,2,18,10,mat2,MI2,112,0,,12,1530,45,M
Gui,2025,2,20,7,mat2,MI2,111,0,,1461,1305,45,M
Gui,2025,2,20,8,mat2,MI2,111,0,,1461,1350,45,M
Gui,2025,2,21,6,mat2,MI2,112,0,,12,1220,45,M
Gui,2025,2,21,7,mat2,MI2,112,0,,12,1305,45,M
Gui,2025,3,18,4,mat2,MI2,112,0,,7,1050,45,M
Gui,2025,3,18,5,mat2,MI2,112,0,,7,1135,45,M
Gui,2025,3,24,6,mat2,MI2,112,0,,12,1220,45,M
Gui,2025,3,24,7,mat2,MI2,112,0,,12,1305,45,M
Gui,2025,3,24,8,mat2,MI2,112,0,,12,1350,45,M
Gui,2025,3,25,8,mat2,MI2,112,0,,12,1350,45,M
Gui,2025,3,25,9,mat2,MI2,112,0,,12,1445,45,M
Gui,2025,3,25,10,mat2,MI2,112,0,,12,1530,45,M
Gui,2025,3,27,7,mat2,MI2,111,0,,1461,1305,45,M
Gui,2025,3,27,8,mat2,MI2,111,0,,1461,1350,45,M
Gui,2025,3,28,6,mat2,MI2,112,0,,12,1220,45,M
Gui,2025,3,28,7,mat2,MI2,112,0,,12,1305,45,M
Gui,2025,4,15,4,mat2,MI2,112,0,,7,1050,45,M
Gui,2025,4,15,5,mat2,MI2,112,0,,7,1135,45,M
Gui,2025,4,16,3,mat2,MI2,112,0,,7,1005,45,M
Gui,2025,4,16,4,mat2,MI2,112,0,,7,1050,45,M
Gui,2025,4,28,6,mat2,MI2,112,0,,12,1220,45,M
Gui,2025,4,28,7,mat2,MI2,112,0,,12,1305,45,M
Gui,2025,4,28,8,mat2,MI2,112,0,,12,1350,45,M
Gui,2025,4,29,8,mat2,MI2,112,0,,12,1350,45,M
Gui,2025,4,29,9,mat2,MI2,112,0,,12,1445,45,M
Gui,2025,4,29,10,mat2,MI2,112,0,,12,1530,45,M
Gui,2025,5,20,4,mat2,MI2,112,0,,7,1050,45,M
Gui,2025,5,20,5,mat2,MI2,112,0,,7,1135,45,M
Gui,2025,5,21,3,mat2,MI2,112,0,,7,1005,45,M
Gui,2025,5,21,4,mat2,MI2,112,0,,7,1050,45,M
IaO,2024,9,3,7,fis2,MI2,112,0,,8,1305,45,M
IaO,2024,9,3,8,fis2,MI2,112,0,,8,1350,45,M
IaO,2024,9,5,9,fis2,MI2,112,0,,8,1445,45,M
IaO,2024,9,5,10,fis2,MI2,112,0,,8,1530,45,M
IaO,2024,9,12,1,fis2,MI2,112,0,,13,820,45,M
IaO,2024,9,12,2,fis2,MI2,112,0,,13,905,45,M
IaO,2024,9,12,3,fis2,MI2,112,0,,13,1005,45,M
IaO,2024,10,1,7,fis2,MI2,112,0,,8,1305,45,M
IaO,2024,10,1,8,fis2,MI2,112,0,,8,1350,45,M
IaO,2024,10,3,9,fis2,MI2,112,0,,8,1445,45,M
IaO,2024,10,3,10,fis2,MI2,112,0,,8,1530,45,M
IaO,2024,10,10,1,fis2,MI2,112,0,,13,820,45,M
IaO,2024,10,10,2,fis2,MI2,112,0,,13,905,45,M
IaO,2024,10,10,3,fis2,MI2,112,0,,13,1005,45,M
IaO,2024,11,5,7,fis2,MI2,112,0,,8,1305,45,M
IaO,2024,11,5,8,fis2,MI2,112,0,,8,1350,45,M
IaO,2024,11,7,9,fis2,MI2,112,0,,8,1445,45,M
IaO,2024,11,7,10,fis2,MI2,112,0,,8,1530,45,M
IaO,2024,11,14,1,fis2,MI2,112,0,,13,820,45,M
IaO,2024,11,14,2,fis2,MI2,112,0,,13,905,45,M
IaO,2024,11,14,3,fis2,MI2,112,0,,13,1005,45,M
IaO,2024,12,3,7,fis2,MI2,112,0,,8,1305,45,M
IaO,2024,12,3,8,fis2,MI2,112,0,,8,1350,45,M
IaO,2024,12,5,9,fis2,MI2,112,0,,8,1445,45,M
IaO,2024,12,5,10,fis2,MI2,112,0,,8,1530,45,M
IaO,2024,12,12,1,fis2,MI2,112,0,,13,820,45,M
IaO,2024,12,12,2,fis2,MI2,112,0,,13,905,45,M
IaO,2024,12,12,3,fis2,MI2,112,0,,13,1005,45,M
IaO,2025,1,14,7,fis2,MI2,112,0,,8,1305,45,M
IaO,2025,1,14,8,fis2,MI2,112,0,,8,1350,45,M
IaO,2025,1,16,9,fis2,MI2,112,0,,8,1445,45,M
IaO,2025,1,16,10,fis2,MI2,112,0,,8,1530,45,M
IaO,2025,1,23,1,fis2,MI2,112,0,,13,820,45,M
IaO,2025,1,23,2,fis2,MI2,112,0,,13,905,45,M
IaO,2025,1,23,3,fis2,MI2,112,0,,13,1005,45,M
IaO,2025,2,11,7,fis2,MI2,112,0,,8,1305,45,M
IaO,2025,2,11,8,fis2,MI2,112,0,,8,1350,45,M
IaO,2025,2,13,9,fis2,MI2,112,0,,8,1445,45,M
IaO,2025,2,13,10,fis2,MI2,112,0,,8,1530,45,M
IaO,2025,2,20,1,fis2,MI2,112,0,,13,820,45,M
IaO,2025,2,20,2,fis2,MI2,112,0,,13,905,45,M
IaO,2025,2,20,3,fis2,MI2,112,0,,13,1005,45,M
IaO,2025,3,18,7,fis2,MI2,112,0,,8,1305,45,M
IaO,2025,3,18,8,fis2,MI2,112,0,,8,1350,45,M
IaO,2025,3,20,9,fis2,MI2,112,0,,8,1445,45,M
IaO,2025,3,20,10,fis2,MI2,112,0,,8,1530,45,M
IaO,2025,3,27,1,fis2,MI2,112,0,,13,820,45,M
IaO,2025,3,27,2,fis2,MI2,112,0,,13,905,45,M
IaO,2025,3,27,3,fis2,MI2,112,0,,13,1005,45,M
IaO,2025,4,15,7,fis2,MI2,112,0,,8,1305,45,M
IaO,2025,4,15,8,fis2,MI2,112,0,,8,1350,45,M
IaO,2025,4,17,9,fis2,MI2,112,0,,8,1445,45,M
IaO,2025,4,17,10,fis2,MI2,112,0,,8,1530,45,M
IaO,2025,5,20,7,fis2,MI2,112,0,,8,1305,45,M
IaO,2025,5,20,8,fis2,MI2,112,0,,8,1350,45,M
IaO,2025,5,22,9,fis2,MI2,112,0,,8,1445,45,M
IaO,2025,5,22,10,fis2,MI2,112,0,,8,1530,45,M
Kra,2024,9,2,1,m320,I2a,201,0,,2,820,45,CP
Kra,2024,9,2,2,m320,I2a,201,0,,2,905,45,CP
Kra,2024,9,2,6,m320,I2a,203,0,,2,1220,45,CP
Kra,2024,9,2,7,m320,I2a,203,0,,2,1305,45,CP
Kra,2024,9,2,8,m322,I2a,203,0,,3,1350,45,CP
Kra,2024,9,2,9,m322,I2a,203,0,,3,1445,45,CP
Kra,2024,9,2,10,m322,I2a,203,0,,3,1530,45,CP
Kra,2024,9,4,9,m322,I2a,203,0,,3,1445,45,CP
Kra,2024,9,4,10,m322,I2a,203,0,,3,1530,45,CP
Kra,2024,9,6,1,m320,I2a,201,0,,2,820,45,CP
Kra,2024,9,6,2,m320,I2a,201,0,,2,905,45,CP
Kra,2024,9,6,3,m320,I2a,201,0,,2,1005,45,CP
Kra,2024,9,6,4,m320,I2a,201,0,,2,1050,45,CP
Kra,2024,9,30,1,m320,I2a,201,0,,2,820,45,CP
Kra,2024,9,30,2,m320,I2a,201,0,,2,905,45,CP
Kra,2024,9,30,6,m320,I2a,203,0,,2,1220,45,CP
Kra,2024,9,30,7,m320,I2a,203,0,,2,1305,45,CP
Kra,2024,9,30,8,m322,I2a,203,0,,3,1350,45,CP
Kra,2024,9,30,9,m322,I2a,203,0,,3,1445,45,CP
Kra,2024,9,30,10,m322,I2a,203,0,,3,1530,45,CP
Kra,2024,10,2,9,m322,I2a,203,0,,3,1445,45,CP
Kra,2024,10,2,10,m322,I2a,203,0,,3,1530,45,CP
Kra,2024,10,4,1,m320,I2a,201,0,,2,820,45,CP
Kra,2024,10,4,2,m320,I2a,201,0,,2,905,45,CP
Kra,2024,10,4,3,m320,I2a,201,0,,2,1005,45,CP
Kra,2024,10,4,4,m320,I2a,201,0,,2,1050,45,CP
Kra,2024,11,4,1,m320,I2a,201,0,,2,820,45,CP
Kra,2024,11,4,2,m320,I2a,201,0,,2,905,45,CP
Kra,2024,11,4,6,m320,I2a,203,0,,2,1220,45,CP
Kra,2024,11,4,7,m320,I2a,203,0,,2,1305,45,CP
Kra,2024,11,4,8,m322,I2a,203,0,,3,1350,45,CP
Kra,2024,11,4,9,m322,I2a,203,0,,3,1445,45,CP
Kra,2024,11,4,10,m322,I2a,203,0,,3,1530,45,CP
Kra,2024,11,6,9,m322,I2a,203,0,,3,1445,45,CP
Kra,2024,11,6,10,m322,I2a,203,0,,3,1530,45,CP
Kra,2024,11,8,1,m320,I2a,201,0,,2,820,45,CP
Kra,2024,11,8,2,m320,I2a,201,0,,2,905,45,CP
Kra,2024,11,8,3,m320,I2a,201,0,,2,1005,45,CP
Kra,2024,11,8,4,m320,I2a,201,0,,2,1050,45,CP
Kra,2024,12,2,1,m320,I2a,201,0,,2,820,45,CP
Kra,2024,12,2,2,m320,I2a,201,0,,2,905,45,CP
Kra,2024,12,2,6,m320,I2a,203,0,,2,1220,45,CP
Kra,2024,12,2,7,m320,I2a,203,0,,2,1305,45,CP
Kra,2024,12,2,8,m322,I2a,203,0,,3,1350,45,CP
Kra,2024,12,2,9,m322,I2a,203,0,,3,1445,45,CP
Kra,2024,12,2,10,m322,I2a,203,0,,3,1530,45,CP
Kra,2024,12,4,9,m322,I2a,203,0,,3,1445,45,CP
Kra,2024,12,4,10,m322,I2a,203,0,,3,1530,45,CP
Kra,2024,12,6,1,m320,I2a,201,0,,2,820,45,CP
Kra,2024,12,6,2,m320,I2a,201,0,,2,905,45,CP
Kra,2024,12,6,3,m320,I2a,201,0,,2,1005,45,CP
Kra,2024,12,6,4,m320,I2a,201,0,,2,1050,45,CP
Kra,2025,1,13,1,m320,I2a,201,0,,2,820,45,CP
Kra,2025,1,13,2,m320,I2a,201,0,,2,905,45,CP
Kra,2025,1,13,6,m320,I2a,203,0,,2,1220,45,CP
Kra,2025,1,13,7,m320,I2a,203,0,,2,1305,45,CP
Kra,2025,1,13,8,m322,I2a,203,0,,3,1350,45,CP
Kra,2025,1,13,9,m322,I2a,203,0,,3,1445,45,CP
Kra,2025,1,13,10,m322,I2a,203,0,,3,1530,45,CP
Kra,2025,1,15,9,m322,I2a,203,0,,3,1445,45,CP
Kra,2025,1,15,10,m322,I2a,203,0,,3,1530,45,CP
Kra,2025,1,17,1,m320,I2a,201,0,,2,820,45,CP
Kra,2025,1,17,2,m320,I2a,201,0,,2,905,45,CP
Kra,2025,1,17,3,m320,I2a,201,0,,2,1005,45,CP
Kra,2025,1,17,4,m320,I2a,201,0,,2,1050,45,CP
Kra,2025,2,10,1,m320,I2a,201,0,,2,820,45,CP
Kra,2025,2,10,2,m320,I2a,201,0,,2,905,45,CP
Kra,2025,2,10,6,m320,I2a,203,0,,2,1220,45,CP
Kra,2025,2,10,7,m320,I2a,203,0,,2,1305,45,CP
Kra,2025,2,10,8,m322,I2a,203,0,,3,1350,45,CP
Kra,2025,2,10,9,m322,I2a,203,0,,3,1445,45,CP
Kra,2025,2,10,10,m322,I2a,203,0,,3,1530,45,CP
Kra,2025,2,12,9,m322,I2a,203,0,,3,1445,45,CP
Kra,2025,2,12,10,m322,I2a,203,0,,3,1530,45,CP
Kra,2025,2,14,1,m320,I2a,201,0,,2,820,45,CP
Kra,2025,2,14,2,m320,I2a,201,0,,2,905,45,CP
Kra,2025,2,14,3,m320,I2a,201,0,,2,1005,45,CP
Kra,2025,2,14,4,m320,I2a,201,0,,2,1050,45,CP
Kra,2025,3,17,1,m320,I2a,201,0,,2,820,45,CP
Kra,2025,3,17,2,m320,I2a,201,0,,2,905,45,CP
Kra,2025,3,17,6,m320,I2a,203,0,,2,1220,45,CP
Kra,2025,3,17,7,m320,I2a,203,0,,2,1305,45,CP
Kra,2025,3,17,8,m322,I2a,203,0,,3,1350,45,CP
Kra,2025,3,17,9,m322,I2a,203,0,,3,1445,45,CP
Kra,2025,3,17,10,m322,I2a,203,0,,3,1530,45,CP
Kra,2025,3,21,1,m320,I2a,201,0,,2,820,45,CP
Kra,2025,3,21,2,m320,I2a,201,0,,2,905,45,CP
Kra,2025,3,21,3,m320,I2a,201,0,,2,1005,45,CP
Kra,2025,3,21,4,m320,I2a,201,0,,2,1050,45,CP
Kra,2025,4,14,1,m320,I2a,201,0,,2,820,45,CP
Kra,2025,4,14,2,m320,I2a,201,0,,2,905,45,CP
Kra,2025,4,14,6,m320,I2a,203,0,,2,1220,45,CP
Kra,2025,4,14,7,m320,I2a,203,0,,2,1305,45,CP
Kra,2025,4,14,8,m322,I2a,203,0,,3,1350,45,CP
Kra,2025,4,14,9,m322,I2a,203,0,,3,1445,45,CP
Kra,2025,4,14,10,m322,I2a,203,0,,3,1530,45,CP
Kra,2025,4,16,9,m322,I2a,203,0,,3,1445,45,CP
Kra,2025,4,16,10,m322,I2a,203,0,,3,1530,45,CP
Kra,2025,5,19,1,m320,I2a,201,0,,2,820,45,CP
Kra,2025,5,19,2,m320,I2a,201,0,,2,905,45,CP
Kra,2025,5,19,6,m320,I2a,203,0,,2,1220,45,CP
Kra,2025,5,19,7,m320,I2a,203,0,,2,1305,45,CP
Kra,2025,5,19,8,m322,I2a,203,0,,3,1350,45,CP
Kra,2025,5,19,9,m322,I2a,203,0,,3,1445,45,CP
Kra,2025,5,19,10,m322,I2a,203,0,,3,1530,45,CP
Kra,2025,5,21,9,m322,I2a,203,0,,3,1445,45,CP
Kra,2025,5,21,10,m322,I2a,203,0,,3,1530,45,CP
Kra,2025,5,23,1,m320,I2a,201,0,,2,820,45,CP
Kra,2025,5,23,2,m320,I2a,201,0,,2,905,45,CP
Kra,2025,5,23,3,m320,I2a,201,0,,2,1005,45,CP
Kra,2025,5,23,4,m320,I2a,201,0,,2,1050,45,CP
MoL,2024,9,10,1,sto2,MI2,018,0,,1449,820,45,M
MoL,2024,9,10,2,sto2,MI2,018,0,,1449,905,45,M
MoL,2024,9,10,7,sto2,MI2,018,0,,15,1305,45,M
MoL,2024,9,11,5,sto2,MI2,019,0,,15,1135,45,M
MoL,2024,9,13,1,sto2,MI2,016,0,,15,820,45,M
MoL,2024,9,13,2,sto2,MI2,016,0,,15,905,45,M
MoL,2024,10,8,1,sto2,MI2,018,0,,1449,820,45,M
MoL,2024,10,8,2,sto2,MI2,018,0,,1449,905,45,M
MoL,2024,10,8,7,sto2,MI2,018,0,,15,1305,45,M
MoL,2024,10,9,5,sto2,MI2,019,0,,15,1135,45,M
MoL,2024,10,11,1,sto2,MI2,016,0,,15,820,45,M
MoL,2024,10,11,2,sto2,MI2,016,0,,15,905,45,M
MoL,2024,11,12,1,sto2,MI2,018,0,,1449,820,45,M
MoL,2024,11,12,2,sto2,MI2,018,0,,1449,905,45,M
MoL,2024,11,12,7,sto2,MI2,018,0,,15,1305,45,M
MoL,2024,11,13,5,sto2,MI2,019,0,,15,1135,45,M
MoL,2024,11,15,1,sto2,MI2,016,0,,15,820,45,M
MoL,2024,11,15,2,sto2,MI2,016,0,,15,905,45,M
MoL,2024,12,10,1,sto2,MI2,018,0,,1449,820,45,M
MoL,2024,12,10,2,sto2,MI2,018,0,,1449,905,45,M
MoL,2024,12,10,7,sto2,MI2,018,0,,15,1305,45,M
MoL,2024,12,11,5,sto2,MI2,019,0,,15,1135,45,M
MoL,2024,12,13,1,sto2,MI2,016,0,,15,820,45,M
MoL,2024,12,13,2,sto2,MI2,016,0,,15,905,45,M
MoL,2025,1,21,1,sto2,MI2,018,0,,1449,820,45,M
MoL,2025,1,21,2,sto2,MI2,018,0,,1449,905,45,M
MoL,2025,1,21,7,sto2,MI2,018,0,,15,1305,45,M
MoL,2025,1,22,5,sto2,MI2,019,0,,15,1135,45,M
MoL,2025,1,24,1,sto2,MI2,016,0,,15,820,45,M
MoL,2025,1,24,2,sto2,MI2,016,0,,15,905,45,M
MoL,2025,2,18,4,sto2,MI2,016,0,,1452,1050,45,M
MoL,2025,2,18,5,sto2,MI2,016,0,,1452,1135,45,M
MoL,2025,2,18,7,sto2,MI2,018,0,,15,1305,45,M
MoL,2025,2,19,5,sto2,MI2,019,0,,15,1135,45,M
MoL,2025,2,21,1,sto2,MI2,016,0,,15,820,45,M
MoL,2025,2,21,2,sto2,MI2,016,0,,15,905,45,M
MoL,2025,3,25,4,sto2,MI2,016,0,,1452,1050,45,M
MoL,2025,3,25,5,sto2,MI2,016,0,,1452,1135,45,M
MoL,2025,3,25,7,sto2,MI2,018,0,,15,1305,45,M
MoL,2025,3,26,5,sto2,MI2,019,0,,15,1135,45,M
MoL,2025,3,28,1,sto2,MI2,016,0,,15,820,45,M
MoL,2025,3,28,2,sto2,MI2,016,0,,15,905,45,M
MoL,2025,4,29,4,sto2,MI2,016,0,,1452,1050,45,M
MoL,2025,4,29,5,sto2,MI2,016,0,,1452,1135,45,M
MoL,2025,4,29,7,sto2,MI2,018,0,,15,1305,45,M
MoL,2025,4,30,5,sto2,MI2,019,0,,15,1135,45,M
PiT,2024,9,3,9,ted2,MI2,016,0,,10,1445,45,M
PiT,2024,9,3,10,ted2,MI2,016,0,,10,1530,45,M
PiT,2024,9,12,4,ted2,MI2,015,0,,17,1050,45,M
PiT,2024,9,12,5,ted2,MI2,015,0,,17,1135,45,M
PiT,2024,9,13,8,ted2,MI2,018,0,,17,1350,45,M
PiT,2024,9,13,9,ted2,MI2,018,0,,17,1445,45,M
PiT,2024,9,13,10,ted2,MI2,018,0,,17,1530,45,M
PiT,2024,10,1,9,ted2,MI2,016,0,,10,1445,45,M
PiT,2024,10,1,10,ted2,MI2,016,0,,10,1530,45,M
PiT,2024,10,10,4,ted2,MI2,015,0,,17,1050,45,M
PiT,2024,10,10,5,ted2,MI2,015,0,,17,1135,45,M
PiT,2024,10,11,8,ted2,MI2,018,0,,17,1350,45,M
PiT,2024,10,11,9,ted2,MI2,018,0,,17,1445,45,M
PiT,2024,10,11,10,ted2,MI2,018,0,,17,1530,45,M
PiT,2024,11,5,9,ted2,MI2,016,0,,10,1445,45,M
PiT,2024,11,5,10,ted2,MI2,016,0,,10,1530,45,M
PiT,2024,11,14,4,ted2,MI2,015,0,,17,1050,45,M
PiT,2024,11,14,5,ted2,MI2,015,0,,17,1135,45,M
PiT,2024,11,15,8,ted2,MI2,018,0,,17,1350,45,M
PiT,2024,11,15,9,ted2,MI2,018,0,,17,1445,45,M
PiT,2024,11,15,10,ted2,MI2,018,0,,17,1530,45,M
PiT,2024,12,3,9,ted2,MI2,016,0,,10,1445,45,M
PiT,2024,12,3,10,ted2,MI2,016,0,,10,1530,45,M
PiT,2024,12,12,4,ted2,MI2,015,0,,17,1050,45,M
PiT,2024,12,12,5,ted2,MI2,015,0,,17,1135,45,M
PiT,2024,12,13,8,ted2,MI2,018,0,,17,1350,45,M
PiT,2024,12,13,9,ted2,MI2,018,0,,17,1445,45,M
PiT,2024,12,13,10,ted2,MI2,018,0,,17,1530,45,M
PiT,2025,1,14,9,ted2,MI2,016,0,,10,1445,45,M
PiT,2025,1,14,10,ted2,MI2,016,0,,10,1530,45,M
PiT,2025,1,23,4,ted2,MI2,015,0,,17,1050,45,M
PiT,2025,1,23,5,ted2,MI2,015,0,,17,1135,45,M
PiT,2025,1,24,8,ted2,MI2,018,0,,17,1350,45,M
PiT,2025,1,24,9,ted2,MI2,018,0,,17,1445,45,M
PiT,2025,1,24,10,ted2,MI2,018,0,,17,1530,45,M
PiT,2025,2,11,9,ted2,MI2,016,0,,10,1445,45,M
PiT,2025,2,11,10,ted2,MI2,016,0,,10,1530,45,M
PiT,2025,2,20,4,ted2,MI2,015,0,,17,1050,45,M
PiT,2025,2,20,5,ted2,MI2,015,0,,17,1135,45,M
PiT,2025,2,21,8,ted2,MI2,018,0,,17,1350,45,M
PiT,2025,2,21,9,ted2,MI2,018,0,,17,1445,45,M
PiT,2025,2,21,10,ted2,MI2,018,0,,17,1530,45,M
PiT,2025,3,18,9,ted2,MI2,016,0,,10,1445,45,M
PiT,2025,3,18,10,ted2,MI2,016,0,,10,1530,45,M
PiT,2025,3,27,4,ted2,MI2,015,0,,17,1050,45,M
PiT,2025,3,27,5,ted2,MI2,015,0,,17,1135,45,M
PiT,2025,3,28,8,ted2,MI2,018,0,,17,1350,45,M
PiT,2025,3,28,9,ted2,MI2,018,0,,17,1445,45,M
PiT,2025,3,28,10,ted2,MI2,018,0,,17,1530,45,M
PiT,2025,4,15,9,ted2,MI2,016,0,,10,1445,45,M
PiT,2025,4,15,10,ted2,MI2,016,0,,10,1530,45,M
PiT,2025,5,20,9,ted2,MI2,016,0,,10,1445,45,M
PiT,2025,5,20,10,ted2,MI2,016,0,,10,1530,45,M
Pro,2024,9,4,3,ing,I2a,016,0,,489,1005,45,CG
Pro,2024,9,4,4,ing,I2a,016,0,,489,1050,45,CG
Pro,2024,9,5,7,ing2,MI2,016,0,,11,1305,45,M
Pro,2024,9,5,8,ing2,MI2,016,0,,11,1350,45,M
Pro,2024,9,5,9,ing,I2a,111,0,,489,1445,45,CG
Pro,2024,9,5,10,ing,I2a,111,0,,489,1530,45,CG
Pro,2024,9,11,1,ing2,MI2,015,0,,18,820,45,M
Pro,2024,9,11,2,ing2,MI2,015,0,,18,905,45,M
Pro,2024,9,13,3,ing2,MI2,016,0,,18,1005,45,M
Pro,2024,9,13,4,ing2,MI2,016,0,,18,1050,45,M
Pro,2024,10,2,3,ing,I2a,016,0,,489,1005,45,CG
Pro,2024,10,2,4,ing,I2a,016,0,,489,1050,45,CG
Pro,2024,10,3,7,ing2,MI2,016,0,,11,1305,45,M
Pro,2024,10,3,8,ing2,MI2,016,0,,11,1350,45,M
Pro,2024,10,3,9,ing,I2a,111,0,,489,1445,45,CG
Pro,2024,10,3,10,ing,I2a,111,0,,489,1530,45,CG
Pro,2024,10,9,1,ing2,MI2,015,0,,18,820,45,M
Pro,2024,10,9,2,ing2,MI2,015,0,,18,905,45,M
Pro,2024,10,11,3,ing2,MI2,016,0,,18,1005,45,M
Pro,2024,10,11,4,ing2,MI2,016,0,,18,1050,45,M
Pro,2024,11,6,3,ing,I2a,016,0,,489,1005,45,CG
Pro,2024,11,6,4,ing,I2a,016,0,,489,1050,45,CG
Pro,2024,11,7,7,ing2,MI2,016,0,,11,1305,45,M
Pro,2024,11,7,8,ing2,MI2,016,0,,11,1350,45,M
Pro,2024,11,7,9,ing,I2a,111,0,,489,1445,45,CG
Pro,2024,11,7,10,ing,I2a,111,0,,489,1530,45,CG
Pro,2024,11,13,1,ing2,MI2,015,0,,18,820,45,M
Pro,2024,11,13,2,ing2,MI2,015,0,,18,905,45,M
Pro,2024,11,15,3,ing2,MI2,016,0,,18,1005,45,M
Pro,2024,11,15,4,ing2,MI2,016,0,,18,1050,45,M
Pro,2024,12,4,3,ing,I2a,016,0,,489,1005,45,CG
Pro,2024,12,4,4,ing,I2a,016,0,,489,1050,45,CG
Pro,2024,12,5,7,ing2,MI2,016,0,,11,1305,45,M
Pro,2024,12,5,8,ing2,MI2,016,0,,11,1350,45,M
Pro,2024,12,5,9,ing,I2a,111,0,,489,1445,45,CG
Pro,2024,12,5,10,ing,I2a,111,0,,489,1530,45,CG
Pro,2024,12,11,1,ing2,MI2,015,0,,18,820,45,M
Pro,2024,12,11,2,ing2,MI2,015,0,,18,905,45,M
Pro,2024,12,13,3,ing2,MI2,016,0,,18,1005,45,M
Pro,2024,12,13,4,ing2,MI2,016,0,,18,1050,45,M
Pro,2025,1,15,3,ing,I2a,016,0,,489,1005,45,CG
Pro,2025,1,15,4,ing,I2a,016,0,,489,1050,45,CG
Pro,2025,1,16,7,ing2,MI2,016,0,,11,1305,45,M
Pro,2025,1,16,8,ing2,MI2,016,0,,11,1350,45,M
Pro,2025,1,16,9,ing,I2a,111,0,,489,1445,45,CG
Pro,2025,1,16,10,ing,I2a,111,0,,489,1530,45,CG
Pro,2025,1,22,1,ing2,MI2,015,0,,18,820,45,M
Pro,2025,1,22,2,ing2,MI2,015,0,,18,905,45,M
Pro,2025,1,24,3,ing2,MI2,016,0,,18,1005,45,M
Pro,2025,1,24,4,ing2,MI2,016,0,,18,1050,45,M
Pro,2025,2,12,3,ing,I2a,016,0,,489,1005,45,CG
Pro,2025,2,12,4,ing,I2a,016,0,,489,1050,45,CG
Pro,2025,2,13,7,ing2,MI2,016,0,,11,1305,45,M
Pro,2025,2,13,8,ing2,MI2,016,0,,11,1350,45,M
Pro,2025,2,13,9,ing,I2a,111,0,,489,1445,45,CG
Pro,2025,2,13,10,ing,I2a,111,0,,489,1530,45,CG
Pro,2025,2,19,1,ing2,MI2,015,0,,18,820,45,M
Pro,2025,2,19,2,ing2,MI2,015,0,,18,905,45,M
Pro,2025,2,21,3,ing2,MI2,016,0,,18,1005,45,M
Pro,2025,2,21,4,ing2,MI2,016,0,,18,1050,45,M
Pro,2025,3,20,7,ing2,MI2,016,0,,11,1305,45,M
Pro,2025,3,20,8,ing2,MI2,016,0,,11,1350,45,M
Pro,2025,3,20,9,ing,I2a,111,0,,489,1445,45,CG
Pro,2025,3,20,10,ing,I2a,111,0,,489,1530,45,CG
Pro,2025,3,26,1,ing2,MI2,015,0,,18,820,45,M
Pro,2025,3,26,2,ing2,MI2,015,0,,18,905,45,M
Pro,2025,3,28,3,ing2,MI2,016,0,,18,1005,45,M
Pro,2025,3,28,4,ing2,MI2,016,0,,18,1050,45,M
Pro,2025,4,16,3,ing,I2a,016,0,,489,1005,45,CG
Pro,2025,4,16,4,ing,I2a,016,0,,489,1050,45,CG
Pro,2025,4,17,7,ing2,MI2,016,0,,11,1305,45,M
Pro,2025,4,17,8,ing2,MI2,016,0,,11,1350,45,M
Pro,2025,4,17,9,ing,I2a,111,0,,489,1445,45,CG
Pro,2025,4,17,10,ing,I2a,111,0,,489,1530,45,CG
Pro,2025,4,30,1,ing2,MI2,015,0,,18,820,45,M
Pro,2025,4,30,2,ing2,MI2,015,0,,18,905,45,M
Pro,2025,5,21,3,ing,I2a,016,0,,489,1005,45,CG
Pro,2025,5,21,4,ing,I2a,016,0,,489,1050,45,CG
Pro,2025,5,22,7,ing2,MI2,016,0,,11,1305,45,M
Pro,2025,5,22,8,ing2,MI2,016,0,,11,1350,45,M
Pro,2025,5,22,9,ing,I2a,111,0,,489,1445,45,CG
Pro,2025,5,22,10,ing,I2a,111,0,,489,1530,45,CG
ScD,2024,9,9,1,ecd2,MI2,206,0,,16,820,45,M
ScD,2024,9,9,2,ecd2,MI2,206,0,,16,905,45,M
ScD,2024,9,9,3,ecd2,MI2,206,0,,16,1005,45,M
ScD,2024,9,9,4,ecd2,MI2,206,0,,16,1050,45,M
ScD,2024,9,10,3,ecd2,MI2,018,0,,1450,1005,45,M
ScD,2024,9,10,4,ecd2,MI2,018,0,,1450,1050,45,M
ScD,2024,9,10,5,ecd2,MI2,018,0,,1450,1135,45,M
ScD,2024,10,7,1,ecd2,MI2,206,0,,16,820,45,M
ScD,2024,10,7,2,ecd2,MI2,206,0,,16,905,45,M
ScD,2024,10,7,3,ecd2,MI2,206,0,,16,1005,45,M
ScD,2024,10,7,4,ecd2,MI2,206,0,,16,1050,45,M
ScD,2024,10,8,3,ecd2,MI2,018,0,,1450,1005,45,M
ScD,2024,10,8,4,ecd2,MI2,018,0,,1450,1050,45,M
ScD,2024,10,8,5,ecd2,MI2,018,0,,1450,1135,45,M
ScD,2024,11,11,1,ecd2,MI2,206,0,,16,820,45,M
ScD,2024,11,11,2,ecd2,MI2,206,0,,16,905,45,M
ScD,2024,11,11,3,ecd2,MI2,206,0,,16,1005,45,M
ScD,2024,11,11,4,ecd2,MI2,206,0,,16,1050,45,M
ScD,2024,11,12,3,ecd2,MI2,018,0,,1450,1005,45,M
ScD,2024,11,12,4,ecd2,MI2,018,0,,1450,1050,45,M
ScD,2024,11,12,5,ecd2,MI2,018,0,,1450,1135,45,M
ScD,2024,12,9,1,ecd2,MI2,206,0,,16,820,45,M
ScD,2024,12,9,2,ecd2,MI2,206,0,,16,905,45,M
ScD,2024,12,9,3,ecd2,MI2,206,0,,16,1005,45,M
ScD,2024,12,9,4,ecd2,MI2,206,0,,16,1050,45,M
ScD,2024,12,10,3,ecd2,MI2,018,0,,1450,1005,45,M
ScD,2024,12,10,4,ecd2,MI2,018,0,,1450,1050,45,M
ScD,2024,12,10,5,ecd2,MI2,018,0,,1450,1135,45,M
ScD,2025,1,20,1,ecd2,MI2,206,0,,16,820,45,M
ScD,2025,1,20,2,ecd2,MI2,206,0,,16,905,45,M
ScD,2025,1,20,3,ecd2,MI2,206,0,,16,1005,45,M
ScD,2025,1,20,4,ecd2,MI2,206,0,,16,1050,45,M
ScD,2025,1,21,3,ecd2,MI2,018,0,,1450,1005,45,M
ScD,2025,1,21,4,ecd2,MI2,018,0,,1450,1050,45,M
ScD,2025,1,21,5,ecd2,MI2,018,0,,1450,1135,45,M
ScD,2025,2,17,1,ecd2,MI2,206,0,,16,820,45,M
ScD,2025,2,17,2,ecd2,MI2,206,0,,16,905,45,M
ScD,2025,2,17,3,ecd2,MI2,206,0,,16,1005,45,M
ScD,2025,2,17,4,ecd2,MI2,206,0,,16,1050,45,M
ScD,2025,2,18,1,ecd2,MI2,018,0,,1451,820,45,M
ScD,2025,2,18,2,ecd2,MI2,018,0,,1451,905,45,M
ScD,2025,2,18,3,ecd2,MI2,018,0,,1451,1005,45,M
ScD,2025,3,24,1,ecd2,MI2,206,0,,16,820,45,M
ScD,2025,3,24,2,ecd2,MI2,206,0,,16,905,45,M
ScD,2025,3,24,3,ecd2,MI2,206,0,,16,1005,45,M
ScD,2025,3,24,4,ecd2,MI2,206,0,,16,1050,45,M
ScD,2025,3,25,1,ecd2,MI2,018,0,,1451,820,45,M
ScD,2025,3,25,2,ecd2,MI2,018,0,,1451,905,45,M
ScD,2025,3,25,3,ecd2,MI2,018,0,,1451,1005,45,M
ScD,2025,4,28,1,ecd2,MI2,206,0,,16,820,45,M
ScD,2025,4,28,2,ecd2,MI2,206,0,,16,905,45,M
ScD,2025,4,28,3,ecd2,MI2,206,0,,16,1005,45,M
ScD,2025,4,28,4,ecd2,MI2,206,0,,16,1050,45,M
ScD,2025,4,29,1,ecd2,MI2,018,0,,1451,820,45,M
ScD,2025,4,29,2,ecd2,MI2,018,0,,1451,905,45,M
ScD,2025,4,29,3,ecd2,MI2,018,0,,1451,1005,45,M
ScL,2024,9,4,1,ita2,MI2,113,0,,9,820,45,M
ScL,2024,9,4,2,ita2,MI2,113,0,,9,905,45,M
ScL,2024,9,9,9,ita2,MI2,104,0,,14,1445,45,M
ScL,2024,9,9,10,ita2,MI2,104,0,,14,1530,45,M
ScL,2024,9,11,3,ita2,MI2,019,0,,14,1005,45,M
ScL,2024,9,11,4,ita2,MI2,019,0,,14,1050,45,M
ScL,2024,9,12,7,ita2,MI2,017,0,,1459,1305,45,M
ScL,2024,9,12,8,ita2,MI2,017,0,,1459,1350,45,M
ScL,2024,9,12,9,ita2,MI2,017,0,,14,1445,45,M
ScL,2024,9,12,10,ita2,MI2,017,0,,14,1530,45,M
ScL,2024,10,2,1,ita2,MI2,113,0,,9,820,45,M
ScL,2024,10,2,2,ita2,MI2,113,0,,9,905,45,M
ScL,2024,10,7,9,ita2,MI2,104,0,,14,1445,45,M
ScL,2024,10,7,10,ita2,MI2,104,0,,14,1530,45,M
ScL,2024,10,9,3,ita2,MI2,019,0,,14,1005,45,M
ScL,2024,10,9,4,ita2,MI2,019,0,,14,1050,45,M
ScL,2024,10,10,7,ita2,MI2,017,0,,1459,1305,45,M
ScL,2024,10,10,8,ita2,MI2,017,0,,1459,1350,45,M
ScL,2024,10,10,9,ita2,MI2,017,0,,14,1445,45,M
ScL,2024,10,10,10,ita2,MI2,017,0,,14,1530,45,M
ScL,2024,11,6,1,ita2,MI2,113,0,,9,820,45,M
ScL,2024,11,6,2,ita2,MI2,113,0,,9,905,45,M
ScL,2024,11,11,9,ita2,MI2,104,0,,14,1445,45,M
ScL,2024,11,11,10,ita2,MI2,104,0,,14,1530,45,M
ScL,2024,11,13,3,ita2,MI2,019,0,,14,1005,45,M
ScL,2024,11,13,4,ita2,MI2,019,0,,14,1050,45,M
ScL,2024,11,14,7,ita2,MI2,017,0,,1459,1305,45,M
ScL,2024,11,14,8,ita2,MI2,017,0,,1459,1350,45,M
ScL,2024,11,14,9,ita2,MI2,017,0,,14,1445,45,M
ScL,2024,11,14,10,ita2,MI2,017,0,,14,1530,45,M
ScL,2024,12,4,1,ita2,MI2,113,0,,9,820,45,M
ScL,2024,12,4,2,ita2,MI2,113,0,,9,905,45,M
ScL,2024,12,9,9,ita2,MI2,104,0,,14,1445,45,M
ScL,2024,12,9,10,ita2,MI2,104,0,,14,1530,45,M
ScL,2024,12,11,3,ita2,MI2,019,0,,14,1005,45,M
ScL,2024,12,11,4,ita2,MI2,019,0,,14,1050,45,M
ScL,2024,12,12,7,ita2,MI2,017,0,,1459,1305,45,M
ScL,2024,12,12,8,ita2,MI2,017,0,,1459,1350,45,M
ScL,2024,12,12,9,ita2,MI2,017,0,,14,1445,45,M
ScL,2024,12,12,10,ita2,MI2,017,0,,14,1530,45,M
ScL,2025,1,15,1,ita2,MI2,113,0,,9,820,45,M
ScL,2025,1,15,2,ita2,MI2,113,0,,9,905,45,M
ScL,2025,1,20,9,ita2,MI2,104,0,,14,1445,45,M
ScL,2025,1,20,10,ita2,MI2,104,0,,14,1530,45,M
ScL,2025,1,22,3,ita2,MI2,019,0,,14,1005,45,M
ScL,2025,1,22,4,ita2,MI2,019,0,,14,1050,45,M
ScL,2025,1,22,7,ita2,MI2,016,0,,1462,1305,45,M
ScL,2025,1,22,8,ita2,MI2,016,0,,1462,1350,45,M
ScL,2025,1,23,9,ita2,MI2,017,0,,14,1445,45,M
ScL,2025,1,23,10,ita2,MI2,017,0,,14,1530,45,M
ScL,2025,2,12,1,ita2,MI2,113,0,,9,820,45,M
ScL,2025,2,12,2,ita2,MI2,113,0,,9,905,45,M
ScL,2025,2,17,9,ita2,MI2,104,0,,14,1445,45,M
ScL,2025,2,17,10,ita2,MI2,104,0,,14,1530,45,M
ScL,2025,2,19,3,ita2,MI2,019,0,,14,1005,45,M
ScL,2025,2,19,4,ita2,MI2,019,0,,14,1050,45,M
ScL,2025,2,19,7,ita2,MI2,016,0,,1454,1305,45,M
ScL,2025,2,19,8,ita2,MI2,016,0,,1454,1350,45,M
ScL,2025,2,20,9,ita2,MI2,017,0,,14,1445,45,M
ScL,2025,2,20,10,ita2,MI2,017,0,,14,1530,45,M
ScL,2025,3,24,9,ita2,MI2,104,0,,14,1445,45,M
ScL,2025,3,24,10,ita2,MI2,104,0,,14,1530,45,M
ScL,2025,3,26,3,ita2,MI2,019,0,,14,1005,45,M
ScL,2025,3,26,4,ita2,MI2,019,0,,14,1050,45,M
ScL,2025,3,26,7,ita2,MI2,016,0,,1454,1305,45,M
ScL,2025,3,26,8,ita2,MI2,016,0,,1454,1350,45,M
ScL,2025,3,27,9,ita2,MI2,017,0,,14,1445,45,M
ScL,2025,3,27,10,ita2,MI2,017,0,,14,1530,45,M
ScL,2025,4,16,1,ita2,MI2,113,0,,9,820,45,M
ScL,2025,4,16,2,ita2,MI2,113,0,,9,905,45,M
ScL,2025,4,28,9,ita2,MI2,104,0,,14,1445,45,M
ScL,2025,4,28,10,ita2,MI2,104,0,,14,1530,45,M
ScL,2025,4,30,3,ita2,MI2,019,0,,14,1005,45,M
ScL,2025,4,30,4,ita2,MI2,019,0,,14,1050,45,M
ScL,2025,4,30,7,ita2,MI2,016,0,,1454,1305,45,M
ScL,2025,4,30,8,ita2,MI2,016,0,,1454,1350,45,M
ScL,2025,5,21,1,ita2,MI2,113,0,,9,820,45,M
ScL,2025,5,21,2,ita2,MI2,113,0,,9,905,45,M
WaA,2024,9,3,4,CG,I2a,203,0,,491,1050,45,CG
WaA,2024,9,3,5,CG,I2a,203,0,,491,1135,45,CG
WaA,2024,9,3,7,CG,I2a,203,0,,491,1305,45,CG
WaA,2024,9,3,8,CG,I2a,203,0,,491,1350,45,CG
WaA,2024,9,3,9,CG,I2a,203,0,,491,1445,45,CG
WaA,2024,9,3,10,CG,I2a,203,0,,491,1530,45,CG
WaA,2024,9,4,1,CG,I2a,107,0,,492,820,45,CG
WaA,2024,9,4,2,CG,I2a,107,0,,492,905,45,CG
WaA,2024,9,5,7,CG,I2a,111,0,,490,1305,45,CG
WaA,2024,9,5,8,CG,I2a,111,0,,490,1350,45,CG
WaA,2024,10,1,4,CG,I2a,203,0,,491,1050,45,CG
WaA,2024,10,1,5,CG,I2a,203,0,,491,1135,45,CG
WaA,2024,10,1,7,CG,I2a,203,0,,491,1305,45,CG
WaA,2024,10,1,8,CG,I2a,203,0,,491,1350,45,CG
WaA,2024,10,1,9,CG,I2a,203,0,,491,1445,45,CG
WaA,2024,10,1,10,CG,I2a,203,0,,491,1530,45,CG
WaA,2024,10,2,1,CG,I2a,107,0,,492,820,45,CG
WaA,2024,10,2,2,CG,I2a,107,0,,492,905,45,CG
WaA,2024,10,3,7,CG,I2a,111,0,,490,1305,45,CG
WaA,2024,10,3,8,CG,I2a,111,0,,490,1350,45,CG
WaA,2024,11,5,4,CG,I2a,203,0,,491,1050,45,CG
WaA,2024,11,5,5,CG,I2a,203,0,,491,1135,45,CG
WaA,2024,11,5,7,CG,I2a,203,0,,491,1305,45,CG
WaA,2024,11,5,8,CG,I2a,203,0,,491,1350,45,CG
WaA,2024,11,5,9,CG,I2a,203,0,,491,1445,45,CG
WaA,2024,11,5,10,CG,I2a,203,0,,491,1530,45,CG
WaA,2024,11,6,1,CG,I2a,107,0,,492,820,45,CG
WaA,2024,11,6,2,CG,I2a,107,0,,492,905,45,CG
WaA,2024,11,7,7,CG,I2a,111,0,,490,1305,45,CG
WaA,2024,11,7,8,CG,I2a,111,0,,490,1350,45,CG
WaA,2024,12,3,4,CG,I2a,203,0,,491,1050,45,CG
WaA,2024,12,3,5,CG,I2a,203,0,,491,1135,45,CG
WaA,2024,12,3,7,CG,I2a,203,0,,491,1305,45,CG
WaA,2024,12,3,8,CG,I2a,203,0,,491,1350,45,CG
WaA,2024,12,3,9,CG,I2a,203,0,,491,1445,45,CG
WaA,2024,12,3,10,CG,I2a,203,0,,491,1530,45,CG
WaA,2024,12,4,1,CG,I2a,107,0,,492,820,45,CG
WaA,2024,12,4,2,CG,I2a,107,0,,492,905,45,CG
WaA,2024,12,5,7,CG,I2a,111,0,,490,1305,45,CG
WaA,2024,12,5,8,CG,I2a,111,0,,490,1350,45,CG
WaA,2025,1,14,4,CG,I2a,203,0,,491,1050,45,CG
WaA,2025,1,14,5,CG,I2a,203,0,,491,1135,45,CG
WaA,2025,1,14,7,CG,I2a,203,0,,491,1305,45,CG
WaA,2025,1,14,8,CG,I2a,203,0,,491,1350,45,CG
WaA,2025,1,14,9,CG,I2a,203,0,,491,1445,45,CG
WaA,2025,1,14,10,CG,I2a,203,0,,491,1530,45,CG
WaA,2025,1,15,1,CG,I2a,107,0,,492,820,45,CG
WaA,2025,1,15,2,CG,I2a,107,0,,492,905,45,CG
WaA,2025,1,16,7,CG,I2a,111,0,,490,1305,45,CG
WaA,2025,1,16,8,CG,I2a,111,0,,490,1350,45,CG
WaA,2025,2,11,4,CG,I2a,203,0,,491,1050,45,CG
WaA,2025,2,11,5,CG,I2a,203,0,,491,1135,45,CG
WaA,2025,2,11,7,CG,I2a,203,0,,491,1305,45,CG
WaA,2025,2,11,8,CG,I2a,203,0,,491,1350,45,CG
WaA,2025,2,11,9,CG,I2a,203,0,,491,1445,45,CG
WaA,2025,2,11,10,CG,I2a,203,0,,491,1530,45,CG
WaA,2025,2,12,1,CG,I2a,107,0,,492,820,45,CG
WaA,2025,2,12,2,CG,I2a,107,0,,492,905,45,CG
WaA,2025,2,13,7,CG,I2a,111,0,,490,1305,45,CG
WaA,2025,2,13,8,CG,I2a,111,0,,490,1350,45,CG
WaA,2025,3,18,4,CG,I2a,203,0,,491,1050,45,CG
WaA,2025,3,18,5,CG,I2a,203,0,,491,1135,45,CG
WaA,2025,3,18,7,CG,I2a,203,0,,491,1305,45,CG
WaA,2025,3,18,8,CG,I2a,203,0,,491,1350,45,CG
WaA,2025,3,18,9,CG,I2a,203,0,,491,1445,45,CG
WaA,2025,3,18,10,CG,I2a,203,0,,491,1530,45,CG
WaA,2025,3,20,7,CG,I2a,111,0,,490,1305,45,CG
WaA,2025,3,20,8,CG,I2a,111,0,,490,1350,45,CG
WaA,2025,4,15,4,CG,I2a,203,0,,491,1050,45,CG
WaA,2025,4,15,5,CG,I2a,203,0,,491,1135,45,CG
WaA,2025,4,15,7,CG,I2a,203,0,,491,1305,45,CG
WaA,2025,4,15,8,CG,I2a,203,0,,491,1350,45,CG
WaA,2025,4,15,9,CG,I2a,203,0,,491,1445,45,CG
WaA,2025,4,15,10,CG,I2a,203,0,,491,1530,45,CG
WaA,2025,4,16,1,CG,I2a,107,0,,492,820,45,CG
WaA,2025,4,16,2,CG,I2a,107,0,,492,905,45,CG
WaA,2025,4,17,7,CG,I2a,111,0,,490,1305,45,CG
WaA,2025,4,17,8,CG,I2a,111,0,,490,1350,45,CG
WaA,2025,5,20,4,CG,I2a,203,0,,491,1050,45,CG
WaA,2025,5,20,5,CG,I2a,203,0,,491,1135,45,CG
WaA,2025,5,20,7,CG,I2a,203,0,,491,1305,45,CG
WaA,2025,5,20,8,CG,I2a,203,0,,491,1350,45,CG
WaA,2025,5,20,9,CG,I2a,203,0,,491,1445,45,CG
WaA,2025,5,20,10,CG,I2a,203,0,,491,1530,45,CG
WaA,2025,5,21,1,CG,I2a,107,0,,492,820,45,CG
WaA,2025,5,21,2,CG,I2a,107,0,,492,905,45,CG
WaA,2025,5,22,7,CG,I2a,111,0,,490,1305,45,CG
WaA,2025,5,22,8,CG,I2a,111,0,,490,1350,45,CG
